__module__,__dict__,__weakref__,__doc__,sampler,format,precision,unet_bs,seed,device,scale,n_rows,n_samples,f,C,W,H,n_iter,ddim_eta,fixed_code,ddim_steps,skip_save,skip_grid,outdir,prompt,from_file
__main__,<attribute '__dict__' of 'opt' objects>,<attribute '__weakref__' of 'opt' objects>,,plms,png,autocast,2,42,cuda,7.5,0,1,8,4,512,512,1,0,False,25,False,False,outputs/txt2img-int2-samples,dogs,False
__main__,<attribute '__dict__' of 'opt' objects>,<attribute '__weakref__' of 'opt' objects>,,plms,png,autocast,2,42,cuda,7.5,0,1,8,4,512,512,1,0,False,25,False,False,outputs/txt2img-int2-samples,dogs,False
__main__,<attribute '__dict__' of 'opt' objects>,<attribute '__weakref__' of 'opt' objects>,,plms,png,autocast,2,42,cuda,7.5,0,1,8,4,512,512,1,0,False,25,False,False,outputs/txt2img-int2-samples,dogs,False
__main__,<attribute '__dict__' of 'opt' objects>,<attribute '__weakref__' of 'opt' objects>,,plms,png,autocast,2,42,cuda,7.5,0,1,8,4,512,512,1,0,False,25,False,False,outputs/txt2img-int2-samples,dogs,False
__main__,<attribute '__dict__' of 'opt' objects>,<attribute '__weakref__' of 'opt' objects>,,plms,png,autocast,2,42,cuda,7.5,0,1,8,4,512,512,1,0,False,25,False,False,outputs/txt2img-int2-samples,dogs,False
__main__,<attribute '__dict__' of 'opt' objects>,<attribute '__weakref__' of 'opt' objects>,,plms,png,autocast,2,42,cuda,7.5,0,1,8,4,512,512,1,0,False,25,False,False,outputs/txt2img-int2-samples,dogs,False
__main__,<attribute '__dict__' of 'opt' objects>,<attribute '__weakref__' of 'opt' objects>,,plms,png,autocast,2,42,cuda,7.5,0,1,8,4,512,512,1,0,False,25,False,False,outputs/txt2img-int2-samples,dogs,False
